"Reference","Qty","Value","DNP","Exclude from BOM","Exclude from Board","Footprint","LCSC"
"U10","1","TJA1051T-3","","Excluded from BOM","","Package_SO:SOIC-8_3.9x4.9mm_P1.27mm","C38695"
"U3","1","WeAct STM32F405RG","","Excluded from BOM","","Custom_Modules:WeAct_STM32F405",""
"U2","1","AMS1117-3.3","","","","Package_TO_SOT_SMD:SOT-223-3_TabPin2","C6186"
"U1","1","LM2596_Module","","Excluded from BOM","","Custom_Modules:LM2596_Module",""
"TVS1","1","SMBJ15CA","","","","Diode_SMD:D_SMB","C78809"
"TP30","1","ESTOP","","Excluded from BOM","","TestPoint:TestPoint_Pad_D2.0mm",""
"TP22","1","TP_SERVO_CLEAN","","Excluded from BOM","","TestPoint:TestPoint_Pad_D2.0mm",""
"TP21","1","TP_SERVO_PWM","","Excluded from BOM","","TestPoint:TestPoint_Pad_D2.0mm",""
"TP20","1","TP_ESC_PWM","","Excluded from BOM","","TestPoint:TestPoint_Pad_D2.0mm",""
"TP4","1","TP_VBAT_MON","","Excluded from BOM","","TestPoint:TestPoint_Pad_D2.0mm",""
"TP3","1","3V3_OUT","","Excluded from BOM","","TestPoint:TestPoint_Pad_D2.0mm",""
"TP2","1","TP_5V","","Excluded from BOM","","TestPoint:TestPoint_Pad_D2.0mm",""
"SW6","1","EStop","","","","Button_Switch_SMD:SW_SPST_B3U-1000P","C318884"
"SW5","1","Home","","","","Button_Switch_SMD:SW_SPST_B3U-1000P","C318884"
"SW4","1","Right","","","","Button_Switch_SMD:SW_SPST_B3U-1000P","C318884"
"SW3","1","Left","","","","Button_Switch_SMD:SW_SPST_B3U-1000P","C318884"
"SW2","1","Decelerate","","","","Button_Switch_SMD:SW_SPST_B3U-1000P","C318884"
"SW1","1","Accelerate","","","","Button_Switch_SMD:SW_SPST_B3U-1000P","C318884"
"R75","1","120","","","","Resistor_SMD:R_0603_1608Metric","C114640"
"R66,R67,R68,R69","4","47","","","","Resistor_SMD:R_0603_1608Metric","C1211"
"R60,R61","2","4.7K","","","","Resistor_SMD:R_0603_1608Metric","C23162"
"R41,R43,R45,R47,R49,R51,R57,R58,R62,R63","10","100","","","","Resistor_SMD:R_0603_1608Metric","C22775"
"R13","1","1KR","","","","Resistor_SMD:R_0603_1608Metric","C14676"
"R10,R11","2","100R","","","","Resistor_SMD:R_0603_1608Metric","C17901"
"R4","1","3.3K","","","","Resistor_SMD:R_0603_1608Metric","C22978"
"R3,R12,R31,R33,R40,R42,R44,R46,R48,R50","10","10K","","","","Resistor_SMD:R_0603_1608Metric","C15401"
"R2,R52,R53,R54","4","330","","","","Resistor_SMD:R_0603_1608Metric","C22104"
"LED22","1","FAULT","","","","LED_SMD:LED_1206_3216Metric","C559117"
"LED21","1","WARNING","","","","LED_SMD:LED_1206_3216Metric","C264322"
"LED20","1","SYSTEM_OK","","","","LED_SMD:LED_1206_3216Metric","C434439"
"LED2","1","3V3_ON","","","","LED_SMD:LED_1206_3216Metric","C434439"
"JP1","1","CAN_TERM","","Excluded from BOM","","Connector_PinHeader_2.54mm:PinHeader_1x02_P2.54mm_Vertical",""
"J56","1","Screw_Terminal_01x03","","Excluded from BOM","","TerminalBlock_Phoenix:TerminalBlock_Phoenix_MKDS-1,5-3_1x03_P5.00mm_Horizontal","C395850"
"J53","1","NRF24_PA_LNA","","Excluded from BOM","","Connector_PinSocket_2.54mm:PinSocket_2x04_P2.54mm_Vertical",""
"J51","1","UART2_DEBUG","","Excluded from BOM","","Connector_PinSocket_2.54mm:PinSocket_1x04_P2.54mm_Vertical","C124421"
"J50","1","I2C_EXP","","Excluded from BOM","","Connector_PinSocket_2.54mm:PinSocket_1x04_P2.54mm_Vertical","C124421"
"J40","1","OLED_I2C","","Excluded from BOM","","Connector_PinHeader_2.54mm:PinHeader_1x04_P2.54mm_Vertical","C124421"
"J21","1","SERVO_HEADER","","Excluded from BOM","","Connector_PinHeader_2.54mm:PinHeader_1x03_P2.54mm_Vertical",""
"J20","1","ESC_HEADER","","Excluded from BOM","","Connector_PinHeader_2.54mm:PinHeader_1x03_P2.54mm_Vertical",""
"J3","1","DC_JACK_5.5x2.1","","Excluded from BOM","","Connector_BarrelJack:BarrelJack_Horizontal","C720560"
"J2","1","Conn_01x03_Pin","","Excluded from BOM","","Connector_PinHeader_2.54mm:PinHeader_1x03_P2.54mm_Vertical",""
"J1","1","XT60PW-M","","Excluded from BOM","","Connector_AMASS:AMASS_XT60PW-M_1x02_P7.20mm_Horizontal","C2962205"
"FB20,FB21,FB30,FB40,FB50","5","600R@100MHz","","","","Inductor_SMD:L_1206_3216Metric","C16902"
"F1","1","1A","","","","Fuse:Fuse_1206_3216Metric","C19078717"
"D30","1","PESD1CAN","","","","Package_TO_SOT_SMD:SOT-23","C2827654"
"D10,D11","2","SMAJ5.0CA","","","","Diode_SMD:D_SMA","C83324"
"D1,D2","2","SS34","","","","Diode_SMD:D_SMA","C8678"
"C62","1","220uF/10V","","Excluded from BOM","","Capacitor_THT:CP_Radial_D6.3mm_P2.50mm","C47262"
"C32","1","100uF/10V","","Excluded from BOM","","Capacitor_THT:CP_Radial_D5.0mm_P2.00mm","C83646"
"C30,C31,C60,C61","4","100pF","","","","Capacitor_SMD:C_0603_1608Metric","C14858"
"C20","1","1uF","","","","Capacitor_SMD:C_0603_1608Metric","C5199872"
"C5,C6,C10,C14,C33,C48,C63","7","10uF/25V","","","","Capacitor_SMD:C_0603_1608Metric","C6119815"
"C3","1","220uF/10V","","Excluded from BOM","","Capacitor_THT:CP_Radial_D8.0mm_P3.50mm","C47262"
"C2,C4,C7,C11,C12,C13,C15,C40,C41,C42,C43,C44,C45,C49,C64,C70,C71,C72,C74","19","100nF/50V","","","","Capacitor_SMD:C_0603_1608Metric","C6119867"
"C1","1","100uF/25V","","Excluded from BOM","","Capacitor_THT:CP_Radial_D6.3mm_P2.50mm","C47250"
